<?xml version="1.0" encoding="utf-8"?><feed xmlns="http://www.w3.org/2005/Atom" ><generator uri="https://jekyllrb.com/" version="3.7.4">Jekyll</generator><link href="http://localhost:4000/feed.xml" rel="self" type="application/atom+xml" /><link href="http://localhost:4000/" rel="alternate" type="text/html" /><updated>2018-10-20T21:09:49+08:00</updated><id>http://localhost:4000/</id><title type="html">Hacky Blog</title><subtitle>Hacky, focus on distributed storage, machine leaning</subtitle><entry><title type="html">Make your own blog with Jekyll</title><link href="http://localhost:4000/2018/10/17/Make-your-own-blog-with-Jekyll" rel="alternate" type="text/html" title="Make your own blog with Jekyll" /><published>2018-10-17T17:00:54+08:00</published><updated>2018-10-17T17:00:54+08:00</updated><id>http://localhost:4000/2018/10/17/Make-your-own-blog-with-Jekyll</id><content type="html" xml:base="http://localhost:4000/2018/10/17/Make-your-own-blog-with-Jekyll">&lt;h2 id=&quot;overview&quot;&gt;Overview&lt;/h2&gt;
&lt;p&gt;&lt;a href=&quot;https://jekyllrb.com/&quot;&gt;Jekyll&lt;/a&gt; convert &lt;a href=&quot;https://daringfireball.net/projects/markdown/&quot;&gt;Markdown&lt;/a&gt;, &lt;a href=&quot;https://github.com/Shopify/liquid/wiki&quot;&gt;Liquid&lt;/a&gt;, also HTML&amp;amp;CSS into static blogs that easily hosting with &lt;a href=&quot;https://pages.github.com/&quot;&gt;GitHub Pages&lt;/a&gt;.&lt;/p&gt;

&lt;p&gt;See &lt;a href=&quot;https://kbroman.org/simple_site/&quot;&gt;Simple site&lt;/a&gt; and its github &lt;a href=&quot;https://github.com/kbroman/simple_site&quot;&gt;simple_site&lt;/a&gt;.&lt;/p&gt;

&lt;h3 id=&quot;test-blog-locally&quot;&gt;Test Blog locally&lt;/h3&gt;
&lt;ol&gt;
  &lt;li&gt;&lt;a href=&quot;https://www.ruby-lang.org/en/installation/&quot;&gt;Intall ruby&lt;/a&gt;, or use &lt;a href=&quot;https://rubyinstaller.org/&quot;&gt;RubyInstaller&lt;/a&gt; in Windows.&lt;/li&gt;
  &lt;li&gt;Install the github-pages gem (including jekyll)
    &lt;div class=&quot;highlighter-rouge&quot;&gt;&lt;div class=&quot;highlight&quot;&gt;&lt;pre class=&quot;highlight&quot;&gt;&lt;code&gt; gem install github-pages
&lt;/code&gt;&lt;/pre&gt;&lt;/div&gt;    &lt;/div&gt;
  &lt;/li&gt;
  &lt;li&gt;Clone existed Blog or create a new blog
    &lt;div class=&quot;highlighter-rouge&quot;&gt;&lt;div class=&quot;highlight&quot;&gt;&lt;pre class=&quot;highlight&quot;&gt;&lt;code&gt; jekyll new path
&lt;/code&gt;&lt;/pre&gt;&lt;/div&gt;    &lt;/div&gt;
  &lt;/li&gt;
  &lt;li&gt;Build and run
    &lt;div class=&quot;highlighter-rouge&quot;&gt;&lt;div class=&quot;highlight&quot;&gt;&lt;pre class=&quot;highlight&quot;&gt;&lt;code&gt; jekyll build
 jekyll serve

 # or just type
 jekyll b
 jekyll s
&lt;/code&gt;&lt;/pre&gt;&lt;/div&gt;    &lt;/div&gt;
  &lt;/li&gt;
  &lt;li&gt;visit http://localhost:4000&lt;/li&gt;
  &lt;li&gt;Use bundle to manage jekyll
    &lt;div class=&quot;highlighter-rouge&quot;&gt;&lt;div class=&quot;highlight&quot;&gt;&lt;pre class=&quot;highlight&quot;&gt;&lt;code&gt; gem install bundler

 #build and run
 bundle exec jekyll serve
&lt;/code&gt;&lt;/pre&gt;&lt;/div&gt;    &lt;/div&gt;
  &lt;/li&gt;
&lt;/ol&gt;

&lt;h3 id=&quot;refs&quot;&gt;refs&lt;/h3&gt;
&lt;ul&gt;
  &lt;li&gt;&lt;a href=&quot;https://jekyllrb.com/docs/home&quot;&gt;jekyll-docs&lt;/a&gt;&lt;/li&gt;
  &lt;li&gt;&lt;a href=&quot;https://github.com/jekyll/jekyll&quot;&gt;jekyll-github&lt;/a&gt;&lt;/li&gt;
  &lt;li&gt;&lt;a href=&quot;https://jekyllrb.com/docs/themes/&quot;&gt;jekyll theme&lt;/a&gt;&lt;/li&gt;
  &lt;li&gt;&lt;a href=&quot;https://github.com/pages-themes&quot;&gt;pages theme&lt;/a&gt;&lt;/li&gt;
&lt;/ul&gt;

&lt;p&gt;https://github.com/hankquinlan/hankquinlan.github.io
http://jmcglone.com/guides/github-pages/
http://www.minddust.com/post/tags-and-categories-on-github-pages/
http://longqian.me/2017/02/09/github-jekyll-tag/
http://codinfox.github.io/blog/categories/
https://codinfox.github.io/dev/2015/03/06/use-tags-and-categories-in-your-jekyll-based-github-pages/
https://idratherbewriting.com/documentation-theme-jekyll/mydoc_sidebar_navigation.html#opening-sidebar-links-into-external-pages
https://zpbappi.com/jekyll-with-tags-archive-and-comments-in-github-pages/
https://github.com/hustcat/hustcat.github.io&lt;/p&gt;</content><author><name></name></author><category term="jekyll" /><category term="GitHub-Pages" /><summary type="html">Overview Jekyll convert Markdown, Liquid, also HTML&amp;amp;CSS into static blogs that easily hosting with GitHub Pages.</summary></entry></feed>